"LOCATION","Country","INDICATOR","SUBJECT","MEASURE","FREQUENCY","TIME","Value","Flag.Codes"
"AUS","Australia","HUR","TOT","PC_LF","M","2020-05",7.062555,""
"AUS","Australia","HUR","TOT","PC_LF","M","2020-06",7.435485,""
"AUS","Australia","HUR","TOT","PC_LF","M","2019-02",4.956326,""
"AUS","Australia","HUR","TOT","PC_LF","M","2019-03",5.079308,""
"AUS","Australia","HUR","TOT","PC_LF","M","2020-08",6.809101,""
"AUS","Australia","HUR","TOT","PC_LF","M","2020-09",6.914853,""
"AUS","Australia","HUR","TOT","PC_LF","M","2019-04",5.216677,""
"AUS","Australia","HUR","TOT","PC_LF","M","2020-07",7.480891,""
"AUS","Australia","HUR","TOT","PC_LF","M","2019-01",5.041164,""
"AUS","Australia","HUR","TOT","PC_LF","M","2020-03",5.21979,""
"AUS","Australia","HUR","TOT","PC_LF","M","2020-04",6.353878,""
"AUS","Australia","HUR","TOT","PC_LF","M","2020-10",6.987514,""
"AUS","Australia","HUR","TOT","PC_LF","M","2019-05",5.224588,""
"AUS","Australia","HUR","TOT","PC_LF","M","2019-06",5.248259,""
"AUS","Australia","HUR","TOT","PC_LF","M","2019-07",5.245596,""
"AUS","Australia","HUR","TOT","PC_LF","M","2019-12",5.051248,""
"AUS","Australia","HUR","TOT","PC_LF","M","2020-11",6.825236,""
"AUS","Australia","HUR","TOT","PC_LF","M","2020-12",6.597738,""
"AUS","Australia","HUR","TOT","PC_LF","M","2019-11",5.140154,""
"AUS","Australia","HUR","TOT","PC_LF","M","2020-01",5.264596,""
"AUS","Australia","HUR","TOT","PC_LF","M","2020-02",5.077748,""
"AUS","Australia","HUR","TOT","PC_LF","M","2019-10",5.298264,""
"AUS","Australia","HUR","TOT","PC_LF","M","2019-08",5.244605,""
"AUS","Australia","HUR","TOT","PC_LF","M","2019-09",5.199507,""
"AUT","Austria","HUR","TOT","PC_LF","M","2019-07",4.4,""
"AUT","Austria","HUR","TOT","PC_LF","M","2019-06",4.3,""
"AUT","Austria","HUR","TOT","PC_LF","M","2019-05",4.5,""
"AUT","Austria","HUR","TOT","PC_LF","M","2019-09",4.5,""
"AUT","Austria","HUR","TOT","PC_LF","M","2020-07",5.8,""
"AUT","Austria","HUR","TOT","PC_LF","M","2020-08",5.6,""
"AUT","Austria","HUR","TOT","PC_LF","M","2019-08",4.5,""
"AUT","Austria","HUR","TOT","PC_LF","M","2019-01",4.8,""
"AUT","Austria","HUR","TOT","PC_LF","M","2019-02",4.8,""
"AUT","Austria","HUR","TOT","PC_LF","M","2019-03",4.8,""
"AUT","Austria","HUR","TOT","PC_LF","M","2019-04",4.7,""
"AUT","Austria","HUR","TOT","PC_LF","M","2020-05",5.8,""
"AUT","Austria","HUR","TOT","PC_LF","M","2020-06",6,""
"AUT","Austria","HUR","TOT","PC_LF","M","2020-11",5.5,""
"AUT","Austria","HUR","TOT","PC_LF","M","2020-12",5.8,""
"AUT","Austria","HUR","TOT","PC_LF","M","2020-09",5.5,""
"AUT","Austria","HUR","TOT","PC_LF","M","2020-10",5.4,""
"AUT","Austria","HUR","TOT","PC_LF","M","2020-01",4.4,""
"AUT","Austria","HUR","TOT","PC_LF","M","2020-02",4.5,""
"AUT","Austria","HUR","TOT","PC_LF","M","2019-11",4.3,""
"AUT","Austria","HUR","TOT","PC_LF","M","2019-12",4.3,""
"AUT","Austria","HUR","TOT","PC_LF","M","2020-03",4.8,""
"AUT","Austria","HUR","TOT","PC_LF","M","2020-04",4.9,""
"AUT","Austria","HUR","TOT","PC_LF","M","2019-10",4.4,""
"BEL","Belgium","HUR","TOT","PC_LF","M","2019-09",5.2,""
"BEL","Belgium","HUR","TOT","PC_LF","M","2019-10",5.2,""
"BEL","Belgium","HUR","TOT","PC_LF","M","2020-09",6.6,""
"BEL","Belgium","HUR","TOT","PC_LF","M","2020-10",6.3,""
"BEL","Belgium","HUR","TOT","PC_LF","M","2019-11",5.2,""
"BEL","Belgium","HUR","TOT","PC_LF","M","2019-12",5.2,""
"BEL","Belgium","HUR","TOT","PC_LF","M","2020-01",5.1,""
"BEL","Belgium","HUR","TOT","PC_LF","M","2020-11",6.1,""
"BEL","Belgium","HUR","TOT","PC_LF","M","2020-03",4.9,""
"BEL","Belgium","HUR","TOT","PC_LF","M","2020-04",4.9,""
"BEL","Belgium","HUR","TOT","PC_LF","M","2020-05",4.9,""
"BEL","Belgium","HUR","TOT","PC_LF","M","2020-06",5.3,""
"BEL","Belgium","HUR","TOT","PC_LF","M","2020-07",5.9,""
"BEL","Belgium","HUR","TOT","PC_LF","M","2020-08",6.5,""
"BEL","Belgium","HUR","TOT","PC_LF","M","2019-07",5.3,""
"BEL","Belgium","HUR","TOT","PC_LF","M","2019-08",5.2,""
"BEL","Belgium","HUR","TOT","PC_LF","M","2020-02",5,""
"BEL","Belgium","HUR","TOT","PC_LF","M","2019-01",5.6,""
"BEL","Belgium","HUR","TOT","PC_LF","M","2019-02",5.5,""
"BEL","Belgium","HUR","TOT","PC_LF","M","2020-12",5.8,""
"BEL","Belgium","HUR","TOT","PC_LF","M","2019-04",5.5,""
"BEL","Belgium","HUR","TOT","PC_LF","M","2019-05",5.5,""
"BEL","Belgium","HUR","TOT","PC_LF","M","2019-06",5.4,""
"BEL","Belgium","HUR","TOT","PC_LF","M","2019-03",5.5,""
"CAN","Canada","HUR","TOT","PC_LF","M","2020-12",8.8,""
"CAN","Canada","HUR","TOT","PC_LF","M","2021-01",9.4,""
"CAN","Canada","HUR","TOT","PC_LF","M","2019-11",5.9,""
"CAN","Canada","HUR","TOT","PC_LF","M","2019-07",5.8,""
"CAN","Canada","HUR","TOT","PC_LF","M","2019-08",5.8,""
"CAN","Canada","HUR","TOT","PC_LF","M","2019-09",5.6,""
"CAN","Canada","HUR","TOT","PC_LF","M","2019-10",5.6,""
"CAN","Canada","HUR","TOT","PC_LF","M","2020-03",7.9,""
"CAN","Canada","HUR","TOT","PC_LF","M","2019-12",5.7,""
"CAN","Canada","HUR","TOT","PC_LF","M","2020-01",5.6,""
"CAN","Canada","HUR","TOT","PC_LF","M","2020-02",5.7,""
"CAN","Canada","HUR","TOT","PC_LF","M","2020-07",10.9,""
"CAN","Canada","HUR","TOT","PC_LF","M","2020-04",13.1,""
"CAN","Canada","HUR","TOT","PC_LF","M","2020-05",13.7,""
"CAN","Canada","HUR","TOT","PC_LF","M","2020-06",12.5,""
"CAN","Canada","HUR","TOT","PC_LF","M","2020-11",8.6,""
"CAN","Canada","HUR","TOT","PC_LF","M","2020-08",10.2,""
"CAN","Canada","HUR","TOT","PC_LF","M","2020-09",9.2,""
"CAN","Canada","HUR","TOT","PC_LF","M","2020-10",9,""
"CAN","Canada","HUR","TOT","PC_LF","M","2019-04",5.8,""
"CAN","Canada","HUR","TOT","PC_LF","M","2019-01",5.9,""
"CAN","Canada","HUR","TOT","PC_LF","M","2019-02",5.9,""
"CAN","Canada","HUR","TOT","PC_LF","M","2019-03",5.8,""
"CAN","Canada","HUR","TOT","PC_LF","M","2019-05",5.4,""
"CAN","Canada","HUR","TOT","PC_LF","M","2019-06",5.6,""
"CHL","Chile","HUR","TOT","PC_LF","M","2019-09",7.115879,""
"CHL","Chile","HUR","TOT","PC_LF","M","2019-07",7.207468,""
"CHL","Chile","HUR","TOT","PC_LF","M","2019-08",7.121461,""
"CHL","Chile","HUR","TOT","PC_LF","M","2020-08",11.94337,""
"CHL","Chile","HUR","TOT","PC_LF","M","2020-09",11.50152,""
"CHL","Chile","HUR","TOT","PC_LF","M","2019-10",7.25218,""
"CHL","Chile","HUR","TOT","PC_LF","M","2020-07",12.26392,""
"CHL","Chile","HUR","TOT","PC_LF","M","2019-01",7.315689,""
"CHL","Chile","HUR","TOT","PC_LF","M","2019-02",7.219723,""
"CHL","Chile","HUR","TOT","PC_LF","M","2019-03",7.134488,""
"CHL","Chile","HUR","TOT","PC_LF","M","2019-04",6.992895,""
"CHL","Chile","HUR","TOT","PC_LF","M","2019-05",6.964216,""
"CHL","Chile","HUR","TOT","PC_LF","M","2019-06",7.105637,""
"CHL","Chile","HUR","TOT","PC_LF","M","2020-05",11.75289,""
"CHL","Chile","HUR","TOT","PC_LF","M","2020-06",12.31309,""
"CHL","Chile","HUR","TOT","PC_LF","M","2020-11",11.05505,""
"CHL","Chile","HUR","TOT","PC_LF","M","2020-02",8.191363,""
"CHL","Chile","HUR","TOT","PC_LF","M","2019-11",7.612331,""
"CHL","Chile","HUR","TOT","PC_LF","M","2020-10",11.17528,""
"CHL","Chile","HUR","TOT","PC_LF","M","2020-01",8.117333,""
"CHL","Chile","HUR","TOT","PC_LF","M","2020-03",9.070215,""
"CHL","Chile","HUR","TOT","PC_LF","M","2019-12",7.858461,""
"CHL","Chile","HUR","TOT","PC_LF","M","2020-04",10.88574,""
"COL","Colombia","HUR","TOT","PC_LF","M","2019-10",10.92859,""
"COL","Colombia","HUR","TOT","PC_LF","M","2019-09",10.66299,""
"COL","Colombia","HUR","TOT","PC_LF","M","2020-02",10.81641,""
"COL","Colombia","HUR","TOT","PC_LF","M","2019-11",10.7597,""
"COL","Colombia","HUR","TOT","PC_LF","M","2020-09",16.28685,""
"COL","Colombia","HUR","TOT","PC_LF","M","2020-10",16.05399,""
"COL","Colombia","HUR","TOT","PC_LF","M","2020-11",15.30496,""
"COL","Colombia","HUR","TOT","PC_LF","M","2020-12",14.61794,""
"COL","Colombia","HUR","TOT","PC_LF","M","2019-12",10.42266,""
"COL","Colombia","HUR","TOT","PC_LF","M","2020-01",10.59648,""
"COL","Colombia","HUR","TOT","PC_LF","M","2020-06",20.43531,""
"COL","Colombia","HUR","TOT","PC_LF","M","2020-03",12.12111,""
"COL","Colombia","HUR","TOT","PC_LF","M","2020-04",20.13249,""
"COL","Colombia","HUR","TOT","PC_LF","M","2020-05",20.96251,""
"COL","Colombia","HUR","TOT","PC_LF","M","2019-08",11.02299,""
"COL","Colombia","HUR","TOT","PC_LF","M","2020-07",19.43816,""
"COL","Colombia","HUR","TOT","PC_LF","M","2020-08",16.86647,""
"COL","Colombia","HUR","TOT","PC_LF","M","2019-07",10.39966,""
"COL","Colombia","HUR","TOT","PC_LF","M","2019-03",10.46771,""
"COL","Colombia","HUR","TOT","PC_LF","M","2019-04",10.56637,""
"COL","Colombia","HUR","TOT","PC_LF","M","2019-01",10.46153,""
"COL","Colombia","HUR","TOT","PC_LF","M","2019-02",10.4857,""
"COL","Colombia","HUR","TOT","PC_LF","M","2019-05",10.45796,""
"COL","Colombia","HUR","TOT","PC_LF","M","2019-06",9.867657,""
"CZE","Czechia","HUR","TOT","PC_LF","M","2019-01",2.1,""
"CZE","Czechia","HUR","TOT","PC_LF","M","2019-03",2.1,""
"CZE","Czechia","HUR","TOT","PC_LF","M","2019-04",2,""
"CZE","Czechia","HUR","TOT","PC_LF","M","2020-02",2,""
"CZE","Czechia","HUR","TOT","PC_LF","M","2019-02",2,""
"CZE","Czechia","HUR","TOT","PC_LF","M","2019-11",2.1,""
"CZE","Czechia","HUR","TOT","PC_LF","M","2019-12",2,""
"CZE","Czechia","HUR","TOT","PC_LF","M","2020-01",2,""
"CZE","Czechia","HUR","TOT","PC_LF","M","2019-05",2.1,""
"CZE","Czechia","HUR","TOT","PC_LF","M","2019-06",1.8,""
"CZE","Czechia","HUR","TOT","PC_LF","M","2020-03",2.1,""
"CZE","Czechia","HUR","TOT","PC_LF","M","2020-04",2.2,""
"CZE","Czechia","HUR","TOT","PC_LF","M","2019-09",2.1,""
"CZE","Czechia","HUR","TOT","PC_LF","M","2019-10",2,""
"CZE","Czechia","HUR","TOT","PC_LF","M","2019-07",2,""
"CZE","Czechia","HUR","TOT","PC_LF","M","2019-08",1.9,""
"CZE","Czechia","HUR","TOT","PC_LF","M","2020-07",2.7,""
"CZE","Czechia","HUR","TOT","PC_LF","M","2020-08",2.8,""
"CZE","Czechia","HUR","TOT","PC_LF","M","2020-12",3.1,""
"CZE","Czechia","HUR","TOT","PC_LF","M","2020-11",2.9,""
"CZE","Czechia","HUR","TOT","PC_LF","M","2020-05",2.4,""
"CZE","Czechia","HUR","TOT","PC_LF","M","2020-06",2.7,""
"CZE","Czechia","HUR","TOT","PC_LF","M","2020-09",2.8,""
"CZE","Czechia","HUR","TOT","PC_LF","M","2020-10",2.8,""
"DEU","Germany","HUR","TOT","PC_LF","M","2020-12",4.6,""
"DEU","Germany","HUR","TOT","PC_LF","M","2019-10",3.1,""
"DEU","Germany","HUR","TOT","PC_LF","M","2019-11",3.2,""
"DEU","Germany","HUR","TOT","PC_LF","M","2019-07",3,""
"DEU","Germany","HUR","TOT","PC_LF","M","2019-08",3,""
"DEU","Germany","HUR","TOT","PC_LF","M","2019-09",3.1,""
"DEU","Germany","HUR","TOT","PC_LF","M","2020-11",4.5,""
"DEU","Germany","HUR","TOT","PC_LF","M","2020-03",3.8,""
"DEU","Germany","HUR","TOT","PC_LF","M","2019-12",3.3,""
"DEU","Germany","HUR","TOT","PC_LF","M","2020-01",3.4,""
"DEU","Germany","HUR","TOT","PC_LF","M","2020-02",3.6,""
"DEU","Germany","HUR","TOT","PC_LF","M","2020-07",4.4,""
"DEU","Germany","HUR","TOT","PC_LF","M","2020-04",4,""
"DEU","Germany","HUR","TOT","PC_LF","M","2020-05",4.2,""
"DEU","Germany","HUR","TOT","PC_LF","M","2020-06",4.3,""
"DEU","Germany","HUR","TOT","PC_LF","M","2019-04",3.1,""
"DEU","Germany","HUR","TOT","PC_LF","M","2020-08",4.5,""
"DEU","Germany","HUR","TOT","PC_LF","M","2020-09",4.5,""
"DEU","Germany","HUR","TOT","PC_LF","M","2020-10",4.5,""
"DEU","Germany","HUR","TOT","PC_LF","M","2019-01",3.3,""
"DEU","Germany","HUR","TOT","PC_LF","M","2019-02",3.2,""
"DEU","Germany","HUR","TOT","PC_LF","M","2019-03",3.2,""
"DEU","Germany","HUR","TOT","PC_LF","M","2019-05",3.1,""
"DEU","Germany","HUR","TOT","PC_LF","M","2019-06",3,""
"DNK","Denmark","HUR","TOT","PC_LF","M","2020-05",5.5,""
"DNK","Denmark","HUR","TOT","PC_LF","M","2020-06",6,""
"DNK","Denmark","HUR","TOT","PC_LF","M","2019-02",5.2,""
"DNK","Denmark","HUR","TOT","PC_LF","M","2019-03",5.4,""
"DNK","Denmark","HUR","TOT","PC_LF","M","2020-08",6.2,""
"DNK","Denmark","HUR","TOT","PC_LF","M","2020-09",6,""
"DNK","Denmark","HUR","TOT","PC_LF","M","2019-04",5.2,""
"DNK","Denmark","HUR","TOT","PC_LF","M","2020-07",6.3,""
"DNK","Denmark","HUR","TOT","PC_LF","M","2019-01",5.3,""
"DNK","Denmark","HUR","TOT","PC_LF","M","2020-03",4.8,""
"DNK","Denmark","HUR","TOT","PC_LF","M","2020-04",4.9,""
"DNK","Denmark","HUR","TOT","PC_LF","M","2020-10",5.9,""
"DNK","Denmark","HUR","TOT","PC_LF","M","2019-05",5,""
"DNK","Denmark","HUR","TOT","PC_LF","M","2019-06",4.6,""
"DNK","Denmark","HUR","TOT","PC_LF","M","2019-07",4.6,""
"DNK","Denmark","HUR","TOT","PC_LF","M","2019-12",5,""
"DNK","Denmark","HUR","TOT","PC_LF","M","2020-11",5.7,""
"DNK","Denmark","HUR","TOT","PC_LF","M","2020-12",5.8,""
"DNK","Denmark","HUR","TOT","PC_LF","M","2019-11",5.1,""
"DNK","Denmark","HUR","TOT","PC_LF","M","2020-01",5,""
"DNK","Denmark","HUR","TOT","PC_LF","M","2020-02",4.9,""
"DNK","Denmark","HUR","TOT","PC_LF","M","2019-10",5.2,""
"DNK","Denmark","HUR","TOT","PC_LF","M","2019-08",4.8,""
"DNK","Denmark","HUR","TOT","PC_LF","M","2019-09",5.1,""
"ESP","Spain","HUR","TOT","PC_LF","M","2019-05",14.2,""
"ESP","Spain","HUR","TOT","PC_LF","M","2019-03",14.2,""
"ESP","Spain","HUR","TOT","PC_LF","M","2019-04",14.2,""
"ESP","Spain","HUR","TOT","PC_LF","M","2020-04",15.2,""
"ESP","Spain","HUR","TOT","PC_LF","M","2020-05",15.3,""
"ESP","Spain","HUR","TOT","PC_LF","M","2019-06",14.2,""
"ESP","Spain","HUR","TOT","PC_LF","M","2020-03",14.4,""
"ESP","Spain","HUR","TOT","PC_LF","M","2019-01",14.3,""
"ESP","Spain","HUR","TOT","PC_LF","M","2019-02",14.2,""
"ESP","Spain","HUR","TOT","PC_LF","M","2020-01",13.8,""
"ESP","Spain","HUR","TOT","PC_LF","M","2020-02",13.6,""
"ESP","Spain","HUR","TOT","PC_LF","M","2020-07",16.4,""
"ESP","Spain","HUR","TOT","PC_LF","M","2020-08",16.7,""
"ESP","Spain","HUR","TOT","PC_LF","M","2020-09",16.6,""
"ESP","Spain","HUR","TOT","PC_LF","M","2020-06",16,""
"ESP","Spain","HUR","TOT","PC_LF","M","2020-11",16.1,""
"ESP","Spain","HUR","TOT","PC_LF","M","2020-12",16.2,""
"ESP","Spain","HUR","TOT","PC_LF","M","2019-11",13.8,""
"ESP","Spain","HUR","TOT","PC_LF","M","2020-10",16.3,""
"ESP","Spain","HUR","TOT","PC_LF","M","2019-08",14.3,""
"ESP","Spain","HUR","TOT","PC_LF","M","2019-09",14.1,""
"ESP","Spain","HUR","TOT","PC_LF","M","2019-10",14,""
"ESP","Spain","HUR","TOT","PC_LF","M","2019-12",13.7,""
"ESP","Spain","HUR","TOT","PC_LF","M","2019-07",14.3,""
"EST","Estonia","HUR","TOT","PC_LF","M","2019-01",4.2,""
"EST","Estonia","HUR","TOT","PC_LF","M","2019-11",4.3,""
"EST","Estonia","HUR","TOT","PC_LF","M","2020-02",4.7,""
"EST","Estonia","HUR","TOT","PC_LF","M","2020-03",4.8,""
"EST","Estonia","HUR","TOT","PC_LF","M","2019-12",4.4,""
"EST","Estonia","HUR","TOT","PC_LF","M","2020-01",4.7,""
"EST","Estonia","HUR","TOT","PC_LF","M","2020-10",8.1,""
"EST","Estonia","HUR","TOT","PC_LF","M","2020-11",7.8,""
"EST","Estonia","HUR","TOT","PC_LF","M","2019-09",4.3,""
"EST","Estonia","HUR","TOT","PC_LF","M","2019-10",4.1,""
"EST","Estonia","HUR","TOT","PC_LF","M","2020-05",7,""
"EST","Estonia","HUR","TOT","PC_LF","M","2020-06",8,""
"EST","Estonia","HUR","TOT","PC_LF","M","2020-07",7.8,""
"EST","Estonia","HUR","TOT","PC_LF","M","2020-04",6,""
"EST","Estonia","HUR","TOT","PC_LF","M","2020-09",8.1,""
"EST","Estonia","HUR","TOT","PC_LF","M","2019-07",4.3,""
"EST","Estonia","HUR","TOT","PC_LF","M","2019-08",4,""
"EST","Estonia","HUR","TOT","PC_LF","M","2020-08",8,""
"EST","Estonia","HUR","TOT","PC_LF","M","2019-05",5,""
"EST","Estonia","HUR","TOT","PC_LF","M","2019-02",4.4,""
"EST","Estonia","HUR","TOT","PC_LF","M","2019-03",4,""
"EST","Estonia","HUR","TOT","PC_LF","M","2019-04",4.9,""
"EST","Estonia","HUR","TOT","PC_LF","M","2019-06",4.7,""
"EU28","","HUR","TOT","PC_LF","M","2019-12",6.2,""
"EU28","","HUR","TOT","PC_LF","M","2019-09",6.3,""
"EU28","","HUR","TOT","PC_LF","M","2019-11",6.2,""
"EU28","","HUR","TOT","PC_LF","M","2019-07",6.3,""
"EU28","","HUR","TOT","PC_LF","M","2019-08",6.3,""
"EU28","","HUR","TOT","PC_LF","M","2019-10",6.2,""
"EU28","","HUR","TOT","PC_LF","M","2019-06",6.3,""
"EU28","","HUR","TOT","PC_LF","M","2019-01",6.5,""
"EU28","","HUR","TOT","PC_LF","M","2019-02",6.5,""
"EU28","","HUR","TOT","PC_LF","M","2019-03",6.4,""
"EU28","","HUR","TOT","PC_LF","M","2019-04",6.4,""
"EU28","","HUR","TOT","PC_LF","M","2019-05",6.3,""
"EU28","","HUR","TOT","PC_LF","M","2020-01",6.2,""
"FIN","Finland","HUR","TOT","PC_LF","M","2019-07",6.8,""
"FIN","Finland","HUR","TOT","PC_LF","M","2019-06",5.9,""
"FIN","Finland","HUR","TOT","PC_LF","M","2019-05",6.7,""
"FIN","Finland","HUR","TOT","PC_LF","M","2019-09",6.6,""
"FIN","Finland","HUR","TOT","PC_LF","M","2020-07",8.6,""
"FIN","Finland","HUR","TOT","PC_LF","M","2020-08",8.5,""
"FIN","Finland","HUR","TOT","PC_LF","M","2019-08",6.9,""
"FIN","Finland","HUR","TOT","PC_LF","M","2019-01",6.5,""
"FIN","Finland","HUR","TOT","PC_LF","M","2019-02",7,""
"FIN","Finland","HUR","TOT","PC_LF","M","2019-03",6.3,""
"FIN","Finland","HUR","TOT","PC_LF","M","2019-04",7.1,""
"FIN","Finland","HUR","TOT","PC_LF","M","2020-05",8.2,""
"FIN","Finland","HUR","TOT","PC_LF","M","2020-06",7.8,""
"FIN","Finland","HUR","TOT","PC_LF","M","2020-11",7.8,""
"FIN","Finland","HUR","TOT","PC_LF","M","2020-12",8.4,""
"FIN","Finland","HUR","TOT","PC_LF","M","2020-09",8.4,""
"FIN","Finland","HUR","TOT","PC_LF","M","2020-10",8.2,""
"FIN","Finland","HUR","TOT","PC_LF","M","2020-01",6.9,""
"FIN","Finland","HUR","TOT","PC_LF","M","2020-02",6.6,""
"FIN","Finland","HUR","TOT","PC_LF","M","2019-11",6.8,""
"FIN","Finland","HUR","TOT","PC_LF","M","2019-12",6.6,""
"FIN","Finland","HUR","TOT","PC_LF","M","2020-03",6.7,""
"FIN","Finland","HUR","TOT","PC_LF","M","2020-04",7.3,""
"FIN","Finland","HUR","TOT","PC_LF","M","2019-10",6.9,""
"FRA","France","HUR","TOT","PC_LF","M","2019-09",8.4,""
"FRA","France","HUR","TOT","PC_LF","M","2019-10",8.3,""
"FRA","France","HUR","TOT","PC_LF","M","2020-09",8.8,""
"FRA","France","HUR","TOT","PC_LF","M","2020-10",8.6,""
"FRA","France","HUR","TOT","PC_LF","M","2019-11",8.2,""
"FRA","France","HUR","TOT","PC_LF","M","2019-12",8.2,""
"FRA","France","HUR","TOT","PC_LF","M","2020-01",7.7,""
"FRA","France","HUR","TOT","PC_LF","M","2020-11",8.8,""
"FRA","France","HUR","TOT","PC_LF","M","2020-03",8,""
"FRA","France","HUR","TOT","PC_LF","M","2020-04",7.3,""
"FRA","France","HUR","TOT","PC_LF","M","2020-05",7.2,""
"FRA","France","HUR","TOT","PC_LF","M","2020-06",6.9,""
"FRA","France","HUR","TOT","PC_LF","M","2020-07",9.4,""
"FRA","France","HUR","TOT","PC_LF","M","2020-08",9,""
"FRA","France","HUR","TOT","PC_LF","M","2019-07",8.5,""
"FRA","France","HUR","TOT","PC_LF","M","2019-08",8.5,""
"FRA","France","HUR","TOT","PC_LF","M","2020-02",7.5,""
"FRA","France","HUR","TOT","PC_LF","M","2019-01",8.7,""
"FRA","France","HUR","TOT","PC_LF","M","2019-02",8.7,""
"FRA","France","HUR","TOT","PC_LF","M","2020-12",8.9,""
"FRA","France","HUR","TOT","PC_LF","M","2019-04",8.5,""
"FRA","France","HUR","TOT","PC_LF","M","2019-05",8.5,""
"FRA","France","HUR","TOT","PC_LF","M","2019-06",8.5,""
"FRA","France","HUR","TOT","PC_LF","M","2019-03",8.6,""
"GBR","The United Kingdom","HUR","TOT","PC_LF","M","2019-03",3.830274,""
"GBR","The United Kingdom","HUR","TOT","PC_LF","M","2020-03",3.995074,""
"GBR","The United Kingdom","HUR","TOT","PC_LF","M","2019-02",3.817801,""
"GBR","The United Kingdom","HUR","TOT","PC_LF","M","2019-06",3.797049,""
"GBR","The United Kingdom","HUR","TOT","PC_LF","M","2020-04",4.054801,""
"GBR","The United Kingdom","HUR","TOT","PC_LF","M","2019-04",3.795611,""
"GBR","The United Kingdom","HUR","TOT","PC_LF","M","2019-05",3.892838,""
"GBR","The United Kingdom","HUR","TOT","PC_LF","M","2020-02",3.972413,""
"GBR","The United Kingdom","HUR","TOT","PC_LF","M","2019-01",3.941531,""
"GBR","The United Kingdom","HUR","TOT","PC_LF","M","2019-07",3.862741,""
"GBR","The United Kingdom","HUR","TOT","PC_LF","M","2019-08",3.833198,""
"GBR","The United Kingdom","HUR","TOT","PC_LF","M","2020-05",4.054711,""
"GBR","The United Kingdom","HUR","TOT","PC_LF","M","2020-06",4.252618,""
"GBR","The United Kingdom","HUR","TOT","PC_LF","M","2019-11",3.768513,""
"GBR","The United Kingdom","HUR","TOT","PC_LF","M","2019-12",3.912849,""
"GBR","The United Kingdom","HUR","TOT","PC_LF","M","2019-09",3.757134,""
"GBR","The United Kingdom","HUR","TOT","PC_LF","M","2019-10",3.818563,""
"GBR","The United Kingdom","HUR","TOT","PC_LF","M","2020-09",4.944243,""
"GBR","The United Kingdom","HUR","TOT","PC_LF","M","2020-10",5.038247,""
"GBR","The United Kingdom","HUR","TOT","PC_LF","M","2020-01",3.961213,""
"GBR","The United Kingdom","HUR","TOT","PC_LF","M","2020-08",4.756812,""
"GBR","The United Kingdom","HUR","TOT","PC_LF","M","2020-07",4.462407,""
"GRC","Greece","HUR","TOT","PC_LF","M","2019-02",18.4,""
"GRC","Greece","HUR","TOT","PC_LF","M","2019-01",18.6,""
"GRC","Greece","HUR","TOT","PC_LF","M","2019-04",17.6,""
"GRC","Greece","HUR","TOT","PC_LF","M","2019-05",17.2,""
"GRC","Greece","HUR","TOT","PC_LF","M","2020-03",15.7,""
"GRC","Greece","HUR","TOT","PC_LF","M","2019-03",18.1,""
"GRC","Greece","HUR","TOT","PC_LF","M","2019-12",16.5,""
"GRC","Greece","HUR","TOT","PC_LF","M","2020-01",16.4,""
"GRC","Greece","HUR","TOT","PC_LF","M","2020-02",15.5,""
"GRC","Greece","HUR","TOT","PC_LF","M","2019-06",17.1,""
"GRC","Greece","HUR","TOT","PC_LF","M","2019-07",17,""
"GRC","Greece","HUR","TOT","PC_LF","M","2020-04",16.2,""
"GRC","Greece","HUR","TOT","PC_LF","M","2020-05",16.8,""
"GRC","Greece","HUR","TOT","PC_LF","M","2019-10",16.7,""
"GRC","Greece","HUR","TOT","PC_LF","M","2019-11",16.6,""
"GRC","Greece","HUR","TOT","PC_LF","M","2019-08",16.9,""
"GRC","Greece","HUR","TOT","PC_LF","M","2019-09",16.9,""
"GRC","Greece","HUR","TOT","PC_LF","M","2020-08",16.8,""
"GRC","Greece","HUR","TOT","PC_LF","M","2020-09",16.7,""
"GRC","Greece","HUR","TOT","PC_LF","M","2020-06",17.9,""
"GRC","Greece","HUR","TOT","PC_LF","M","2020-07",16.7,""
"GRC","Greece","HUR","TOT","PC_LF","M","2020-10",16.7,""
"HUN","Hungary","HUR","TOT","PC_LF","M","2020-08",4.4,""
"HUN","Hungary","HUR","TOT","PC_LF","M","2020-09",4.4,""
"HUN","Hungary","HUR","TOT","PC_LF","M","2019-04",3.4,""
"HUN","Hungary","HUR","TOT","PC_LF","M","2019-05",3.4,""
"HUN","Hungary","HUR","TOT","PC_LF","M","2019-06",3.5,""
"HUN","Hungary","HUR","TOT","PC_LF","M","2019-03",3.4,""
"HUN","Hungary","HUR","TOT","PC_LF","M","2020-10",4.5,""
"HUN","Hungary","HUR","TOT","PC_LF","M","2020-11",4.3,""
"HUN","Hungary","HUR","TOT","PC_LF","M","2019-10",3.6,""
"HUN","Hungary","HUR","TOT","PC_LF","M","2019-07",3.4,""
"HUN","Hungary","HUR","TOT","PC_LF","M","2020-04",4.1,""
"HUN","Hungary","HUR","TOT","PC_LF","M","2020-05",4.8,""
"HUN","Hungary","HUR","TOT","PC_LF","M","2020-06",4.9,""
"HUN","Hungary","HUR","TOT","PC_LF","M","2020-07",4.6,""
"HUN","Hungary","HUR","TOT","PC_LF","M","2019-11",3.4,""
"HUN","Hungary","HUR","TOT","PC_LF","M","2019-08",3.5,""
"HUN","Hungary","HUR","TOT","PC_LF","M","2019-09",3.5,""
"HUN","Hungary","HUR","TOT","PC_LF","M","2020-02",3.6,""
"HUN","Hungary","HUR","TOT","PC_LF","M","2020-03",3.7,""
"HUN","Hungary","HUR","TOT","PC_LF","M","2019-12",3.4,""
"HUN","Hungary","HUR","TOT","PC_LF","M","2020-01",3.4,""
"HUN","Hungary","HUR","TOT","PC_LF","M","2019-01",3.5,""
"HUN","Hungary","HUR","TOT","PC_LF","M","2019-02",3.4,""
"IRL","Ireland","HUR","TOT","PC_LF","M","2020-01",4.9,""
"IRL","Ireland","HUR","TOT","PC_LF","M","2020-05",4.8,""
"IRL","Ireland","HUR","TOT","PC_LF","M","2020-02",4.9,""
"IRL","Ireland","HUR","TOT","PC_LF","M","2020-03",5.1,""
"IRL","Ireland","HUR","TOT","PC_LF","M","2020-04",4.7,""
"IRL","Ireland","HUR","TOT","PC_LF","M","2019-11",4.6,""
"IRL","Ireland","HUR","TOT","PC_LF","M","2019-12",4.7,""
"IRL","Ireland","HUR","TOT","PC_LF","M","2020-06",5.3,""
"IRL","Ireland","HUR","TOT","PC_LF","M","2019-01",5.1,""
"IRL","Ireland","HUR","TOT","PC_LF","M","2019-02",5,""
"IRL","Ireland","HUR","TOT","PC_LF","M","2019-03",5.1,""
"IRL","Ireland","HUR","TOT","PC_LF","M","2020-10",7.1,""
"IRL","Ireland","HUR","TOT","PC_LF","M","2020-07",6.2,""
"IRL","Ireland","HUR","TOT","PC_LF","M","2020-08",6.7,""
"IRL","Ireland","HUR","TOT","PC_LF","M","2020-09",7.2,""
"IRL","Ireland","HUR","TOT","PC_LF","M","2019-07",5.1,""
"IRL","Ireland","HUR","TOT","PC_LF","M","2020-11",7.3,""
"IRL","Ireland","HUR","TOT","PC_LF","M","2020-12",7.2,""
"IRL","Ireland","HUR","TOT","PC_LF","M","2019-06",5.2,""
"IRL","Ireland","HUR","TOT","PC_LF","M","2019-04",5.2,""
"IRL","Ireland","HUR","TOT","PC_LF","M","2019-05",5.3,""
"IRL","Ireland","HUR","TOT","PC_LF","M","2019-10",4.6,""
"IRL","Ireland","HUR","TOT","PC_LF","M","2019-08",4.9,""
"IRL","Ireland","HUR","TOT","PC_LF","M","2019-09",4.8,""
"ISL","Iceland","HUR","TOT","PC_LF","M","2019-01",2.9,""
"ISL","Iceland","HUR","TOT","PC_LF","M","2019-11",3.9,""
"ISL","Iceland","HUR","TOT","PC_LF","M","2019-09",3.7,""
"ISL","Iceland","HUR","TOT","PC_LF","M","2019-10",3.8,""
"ISL","Iceland","HUR","TOT","PC_LF","M","2020-11",6,""
"ISL","Iceland","HUR","TOT","PC_LF","M","2020-12",6.1,""
"ISL","Iceland","HUR","TOT","PC_LF","M","2019-12",4,""
"ISL","Iceland","HUR","TOT","PC_LF","M","2020-01",4.1,""
"ISL","Iceland","HUR","TOT","PC_LF","M","2019-02",3,""
"ISL","Iceland","HUR","TOT","PC_LF","M","2019-03",3.1,""
"ISL","Iceland","HUR","TOT","PC_LF","M","2019-04",3.2,""
"ISL","Iceland","HUR","TOT","PC_LF","M","2019-05",3.3,""
"ISL","Iceland","HUR","TOT","PC_LF","M","2019-06",3.4,""
"ISL","Iceland","HUR","TOT","PC_LF","M","2019-07",3.5,""
"ISL","Iceland","HUR","TOT","PC_LF","M","2019-08",3.6,""
"ISL","Iceland","HUR","TOT","PC_LF","M","2020-09",5.7,""
"ISL","Iceland","HUR","TOT","PC_LF","M","2020-10",5.9,""
"ISL","Iceland","HUR","TOT","PC_LF","M","2020-05",5,""
"ISL","Iceland","HUR","TOT","PC_LF","M","2020-02",4.3,""
"ISL","Iceland","HUR","TOT","PC_LF","M","2020-03",4.5,""
"ISL","Iceland","HUR","TOT","PC_LF","M","2020-04",4.8,""
"ISL","Iceland","HUR","TOT","PC_LF","M","2020-06",5.2,""
"ISL","Iceland","HUR","TOT","PC_LF","M","2020-07",5.3,""
"ISL","Iceland","HUR","TOT","PC_LF","M","2020-08",5.5,""
"ISR","Israel","HUR","TOT","PC_LF","M","2019-03",3.969214,""
"ISR","Israel","HUR","TOT","PC_LF","M","2019-05",3.732456,""
"ISR","Israel","HUR","TOT","PC_LF","M","2019-01",4.242712,""
"ISR","Israel","HUR","TOT","PC_LF","M","2019-02",4.134184,""
"ISR","Israel","HUR","TOT","PC_LF","M","2019-04",3.979237,""
"ISR","Israel","HUR","TOT","PC_LF","M","2020-06",4.602072,""
"ISR","Israel","HUR","TOT","PC_LF","M","2020-07",4.661653,""
"ISR","Israel","HUR","TOT","PC_LF","M","2020-08",4.862171,""
"ISR","Israel","HUR","TOT","PC_LF","M","2020-05",4.256916,""
"ISR","Israel","HUR","TOT","PC_LF","M","2020-01",3.644195,""
"ISR","Israel","HUR","TOT","PC_LF","M","2020-02",3.443002,""
"ISR","Israel","HUR","TOT","PC_LF","M","2020-03",3.629852,""
"ISR","Israel","HUR","TOT","PC_LF","M","2020-04",3.670104,""
"ISR","Israel","HUR","TOT","PC_LF","M","2019-06",3.941535,""
"ISR","Israel","HUR","TOT","PC_LF","M","2019-07",3.593539,""
"ISR","Israel","HUR","TOT","PC_LF","M","2019-08",3.587637,""
"ISR","Israel","HUR","TOT","PC_LF","M","2019-09",3.555327,""
"ISR","Israel","HUR","TOT","PC_LF","M","2019-10",3.555608,""
"ISR","Israel","HUR","TOT","PC_LF","M","2019-11",3.934301,""
"ISR","Israel","HUR","TOT","PC_LF","M","2019-12",3.552705,""
"ISR","Israel","HUR","TOT","PC_LF","M","2020-10",4.688548,""
"ISR","Israel","HUR","TOT","PC_LF","M","2020-11",4.758663,""
"ISR","Israel","HUR","TOT","PC_LF","M","2020-12",4.763224,""
"ISR","Israel","HUR","TOT","PC_LF","M","2020-09",4.621885,""
"ITA","Italy","HUR","TOT","PC_LF","M","2019-03",10.4,""
"ITA","Italy","HUR","TOT","PC_LF","M","2019-02",10.4,""
"ITA","Italy","HUR","TOT","PC_LF","M","2019-01",10.4,""
"ITA","Italy","HUR","TOT","PC_LF","M","2019-04",10.3,""
"ITA","Italy","HUR","TOT","PC_LF","M","2020-01",9.6,""
"ITA","Italy","HUR","TOT","PC_LF","M","2020-02",9.4,""
"ITA","Italy","HUR","TOT","PC_LF","M","2020-03",8.5,""
"ITA","Italy","HUR","TOT","PC_LF","M","2019-11",9.6,""
"ITA","Italy","HUR","TOT","PC_LF","M","2019-12",9.6,""
"ITA","Italy","HUR","TOT","PC_LF","M","2020-05",8.7,""
"ITA","Italy","HUR","TOT","PC_LF","M","2020-06",9.3,""
"ITA","Italy","HUR","TOT","PC_LF","M","2020-07",9.7,""
"ITA","Italy","HUR","TOT","PC_LF","M","2020-04",7.4,""
"ITA","Italy","HUR","TOT","PC_LF","M","2020-09",9.5,""
"ITA","Italy","HUR","TOT","PC_LF","M","2020-10",9.5,""
"ITA","Italy","HUR","TOT","PC_LF","M","2020-11",8.8,""
"ITA","Italy","HUR","TOT","PC_LF","M","2020-08",9.6,""
"ITA","Italy","HUR","TOT","PC_LF","M","2019-06",9.7,""
"ITA","Italy","HUR","TOT","PC_LF","M","2019-07",9.6,""
"ITA","Italy","HUR","TOT","PC_LF","M","2019-08",9.4,""
"ITA","Italy","HUR","TOT","PC_LF","M","2020-12",9,""
"ITA","Italy","HUR","TOT","PC_LF","M","2019-10",9.4,""
"ITA","Italy","HUR","TOT","PC_LF","M","2019-05",10.1,""
"ITA","Italy","HUR","TOT","PC_LF","M","2019-09",9.6,""
"JPN","Japan","HUR","TOT","PC_LF","M","2019-05",2.4,""
"JPN","Japan","HUR","TOT","PC_LF","M","2019-06",2.3,""
"JPN","Japan","HUR","TOT","PC_LF","M","2019-04",2.4,""
"JPN","Japan","HUR","TOT","PC_LF","M","2020-05",2.9,""
"JPN","Japan","HUR","TOT","PC_LF","M","2020-06",2.8,""
"JPN","Japan","HUR","TOT","PC_LF","M","2020-04",2.6,""
"JPN","Japan","HUR","TOT","PC_LF","M","2019-08",2.3,""
"JPN","Japan","HUR","TOT","PC_LF","M","2019-09",2.4,""
"JPN","Japan","HUR","TOT","PC_LF","M","2020-07",2.9,""
"JPN","Japan","HUR","TOT","PC_LF","M","2019-07",2.3,""
"JPN","Japan","HUR","TOT","PC_LF","M","2019-01",2.5,""
"JPN","Japan","HUR","TOT","PC_LF","M","2019-02",2.4,""
"JPN","Japan","HUR","TOT","PC_LF","M","2019-03",2.5,""
"JPN","Japan","HUR","TOT","PC_LF","M","2019-10",2.4,""
"JPN","Japan","HUR","TOT","PC_LF","M","2019-11",2.2,""
"JPN","Japan","HUR","TOT","PC_LF","M","2020-08",3,""
"JPN","Japan","HUR","TOT","PC_LF","M","2020-09",3,""
"JPN","Japan","HUR","TOT","PC_LF","M","2020-02",2.4,""
"JPN","Japan","HUR","TOT","PC_LF","M","2020-03",2.5,""
"JPN","Japan","HUR","TOT","PC_LF","M","2019-12",2.2,""
"JPN","Japan","HUR","TOT","PC_LF","M","2020-01",2.4,""
"JPN","Japan","HUR","TOT","PC_LF","M","2020-12",2.9,""
"JPN","Japan","HUR","TOT","PC_LF","M","2020-10",3.1,""
"JPN","Japan","HUR","TOT","PC_LF","M","2020-11",2.9,""
"KOR","Republic of Korea","HUR","TOT","PC_LF","M","2020-11",4.2,""
"KOR","Republic of Korea","HUR","TOT","PC_LF","M","2020-10",4.2,""
"KOR","Republic of Korea","HUR","TOT","PC_LF","M","2019-08",3.2,""
"KOR","Republic of Korea","HUR","TOT","PC_LF","M","2019-05",3.8,""
"KOR","Republic of Korea","HUR","TOT","PC_LF","M","2019-06",3.9,""
"KOR","Republic of Korea","HUR","TOT","PC_LF","M","2019-07",3.9,""
"KOR","Republic of Korea","HUR","TOT","PC_LF","M","2019-12",3.7,""
"KOR","Republic of Korea","HUR","TOT","PC_LF","M","2019-09",3.5,""
"KOR","Republic of Korea","HUR","TOT","PC_LF","M","2020-12",4.5,""
"KOR","Republic of Korea","HUR","TOT","PC_LF","M","2021-01",5.4,""
"KOR","Republic of Korea","HUR","TOT","PC_LF","M","2020-04",3.8,""
"KOR","Republic of Korea","HUR","TOT","PC_LF","M","2020-05",4.3,""
"KOR","Republic of Korea","HUR","TOT","PC_LF","M","2020-06",4.2,""
"KOR","Republic of Korea","HUR","TOT","PC_LF","M","2020-07",4.1,""
"KOR","Republic of Korea","HUR","TOT","PC_LF","M","2020-08",3.3,""
"KOR","Republic of Korea","HUR","TOT","PC_LF","M","2020-09",4,""
"KOR","Republic of Korea","HUR","TOT","PC_LF","M","2020-01",3.9,""
"KOR","Republic of Korea","HUR","TOT","PC_LF","M","2019-10",3.5,""
"KOR","Republic of Korea","HUR","TOT","PC_LF","M","2019-11",3.7,""
"KOR","Republic of Korea","HUR","TOT","PC_LF","M","2019-01",4.3,""
"KOR","Republic of Korea","HUR","TOT","PC_LF","M","2019-02",3.8,""
"KOR","Republic of Korea","HUR","TOT","PC_LF","M","2020-02",3.4,""
"KOR","Republic of Korea","HUR","TOT","PC_LF","M","2020-03",3.8,""
"KOR","Republic of Korea","HUR","TOT","PC_LF","M","2019-03",3.8,""
"KOR","Republic of Korea","HUR","TOT","PC_LF","M","2019-04",4,""
"LTU","Liechtenstein","HUR","TOT","PC_LF","M","2019-07",6.4,""
"LTU","Liechtenstein","HUR","TOT","PC_LF","M","2019-10",6.4,""
"LTU","Liechtenstein","HUR","TOT","PC_LF","M","2019-11",6.5,""
"LTU","Liechtenstein","HUR","TOT","PC_LF","M","2019-08",6.6,""
"LTU","Liechtenstein","HUR","TOT","PC_LF","M","2019-09",6.7,""
"LTU","Liechtenstein","HUR","TOT","PC_LF","M","2019-01",6.1,""
"LTU","Liechtenstein","HUR","TOT","PC_LF","M","2019-02",6,""
"LTU","Liechtenstein","HUR","TOT","PC_LF","M","2019-03",6,""
"LTU","Liechtenstein","HUR","TOT","PC_LF","M","2019-04",6,""
"LTU","Liechtenstein","HUR","TOT","PC_LF","M","2019-05",6.1,""
"LTU","Liechtenstein","HUR","TOT","PC_LF","M","2019-06",6.2,""
"LTU","Liechtenstein","HUR","TOT","PC_LF","M","2020-08",10.2,""
"LTU","Liechtenstein","HUR","TOT","PC_LF","M","2020-09",10.5,""
"LTU","Liechtenstein","HUR","TOT","PC_LF","M","2020-10",10.4,""
"LTU","Liechtenstein","HUR","TOT","PC_LF","M","2020-11",10.4,""
"LTU","Liechtenstein","HUR","TOT","PC_LF","M","2020-12",10.1,""
"LTU","Liechtenstein","HUR","TOT","PC_LF","M","2019-12",6.4,""
"LTU","Liechtenstein","HUR","TOT","PC_LF","M","2020-01",6.1,""
"LTU","Liechtenstein","HUR","TOT","PC_LF","M","2020-02",6.3,""
"LTU","Liechtenstein","HUR","TOT","PC_LF","M","2020-03",6.6,""
"LTU","Liechtenstein","HUR","TOT","PC_LF","M","2020-04",7.8,""
"LTU","Liechtenstein","HUR","TOT","PC_LF","M","2020-05",8.5,""
"LTU","Liechtenstein","HUR","TOT","PC_LF","M","2020-06",8.8,""
"LTU","Liechtenstein","HUR","TOT","PC_LF","M","2020-07",9.6,""
"LUX","Luxembourg","HUR","TOT","PC_LF","M","2019-01",5.2,""
"LUX","Luxembourg","HUR","TOT","PC_LF","M","2019-11",5.6,""
"LUX","Luxembourg","HUR","TOT","PC_LF","M","2019-09",5.5,""
"LUX","Luxembourg","HUR","TOT","PC_LF","M","2019-10",5.5,""
"LUX","Luxembourg","HUR","TOT","PC_LF","M","2020-11",6.5,""
"LUX","Luxembourg","HUR","TOT","PC_LF","M","2020-12",6.7,""
"LUX","Luxembourg","HUR","TOT","PC_LF","M","2019-12",5.6,""
"LUX","Luxembourg","HUR","TOT","PC_LF","M","2020-01",5.7,""
"LUX","Luxembourg","HUR","TOT","PC_LF","M","2019-02",5.4,""
"LUX","Luxembourg","HUR","TOT","PC_LF","M","2019-03",5.6,""
"LUX","Luxembourg","HUR","TOT","PC_LF","M","2019-04",5.7,""
"LUX","Luxembourg","HUR","TOT","PC_LF","M","2019-05",5.7,""
"LUX","Luxembourg","HUR","TOT","PC_LF","M","2019-06",5.7,""
"LUX","Luxembourg","HUR","TOT","PC_LF","M","2019-07",5.7,""
"LUX","Luxembourg","HUR","TOT","PC_LF","M","2019-08",5.7,""
"LUX","Luxembourg","HUR","TOT","PC_LF","M","2020-09",6.7,""
"LUX","Luxembourg","HUR","TOT","PC_LF","M","2020-10",6.5,""
"LUX","Luxembourg","HUR","TOT","PC_LF","M","2020-05",7.6,""
"LUX","Luxembourg","HUR","TOT","PC_LF","M","2020-02",5.7,""
"LUX","Luxembourg","HUR","TOT","PC_LF","M","2020-03",6.5,""
"LUX","Luxembourg","HUR","TOT","PC_LF","M","2020-04",7.4,""
"LUX","Luxembourg","HUR","TOT","PC_LF","M","2020-06",7.6,""
"LUX","Luxembourg","HUR","TOT","PC_LF","M","2020-07",7.2,""
"LUX","Luxembourg","HUR","TOT","PC_LF","M","2020-08",6.8,""
"LVA","Latvia","HUR","TOT","PC_LF","M","2019-04",6.3,""
"LVA","Latvia","HUR","TOT","PC_LF","M","2019-06",6.4,""
"LVA","Latvia","HUR","TOT","PC_LF","M","2019-07",6.3,""
"LVA","Latvia","HUR","TOT","PC_LF","M","2019-08",6.2,""
"LVA","Latvia","HUR","TOT","PC_LF","M","2019-05",6.3,""
"LVA","Latvia","HUR","TOT","PC_LF","M","2019-01",6.8,""
"LVA","Latvia","HUR","TOT","PC_LF","M","2019-02",6.6,""
"LVA","Latvia","HUR","TOT","PC_LF","M","2019-03",6.4,""
"LVA","Latvia","HUR","TOT","PC_LF","M","2020-05",8.6,""
"LVA","Latvia","HUR","TOT","PC_LF","M","2020-06",8.8,""
"LVA","Latvia","HUR","TOT","PC_LF","M","2020-07",8.8,""
"LVA","Latvia","HUR","TOT","PC_LF","M","2020-08",8.6,""
"LVA","Latvia","HUR","TOT","PC_LF","M","2020-09",8.3,""
"LVA","Latvia","HUR","TOT","PC_LF","M","2020-10",8.1,""
"LVA","Latvia","HUR","TOT","PC_LF","M","2020-11",8.1,""
"LVA","Latvia","HUR","TOT","PC_LF","M","2020-12",8.2,""
"LVA","Latvia","HUR","TOT","PC_LF","M","2019-11",6,""
"LVA","Latvia","HUR","TOT","PC_LF","M","2019-12",6.5,""
"LVA","Latvia","HUR","TOT","PC_LF","M","2020-01",7,""
"LVA","Latvia","HUR","TOT","PC_LF","M","2020-02",7,""
"LVA","Latvia","HUR","TOT","PC_LF","M","2020-03",7.3,""
"LVA","Latvia","HUR","TOT","PC_LF","M","2020-04",8.2,""
"LVA","Latvia","HUR","TOT","PC_LF","M","2019-09",6,""
"LVA","Latvia","HUR","TOT","PC_LF","M","2019-10",5.8,""
"MEX","Mexico","HUR","TOT","PC_LF","M","2020-01",3.656332,""
"MEX","Mexico","HUR","TOT","PC_LF","M","2020-05",4.347308,""
"MEX","Mexico","HUR","TOT","PC_LF","M","2020-02",3.644636,""
"MEX","Mexico","HUR","TOT","PC_LF","M","2020-03",3.230714,"B"
"MEX","Mexico","HUR","TOT","PC_LF","M","2020-04",4.801267,""
"MEX","Mexico","HUR","TOT","PC_LF","M","2019-11",3.542799,""
"MEX","Mexico","HUR","TOT","PC_LF","M","2019-12",3.240146,""
"MEX","Mexico","HUR","TOT","PC_LF","M","2020-06",5.461779,"B"
"MEX","Mexico","HUR","TOT","PC_LF","M","2019-01",3.426292,""
"MEX","Mexico","HUR","TOT","PC_LF","M","2019-02",3.3688,""
"MEX","Mexico","HUR","TOT","PC_LF","M","2019-03",3.547258,""
"MEX","Mexico","HUR","TOT","PC_LF","M","2020-10",4.60241,""
"MEX","Mexico","HUR","TOT","PC_LF","M","2020-07",5.120639,""
"MEX","Mexico","HUR","TOT","PC_LF","M","2020-08",4.942815,""
"MEX","Mexico","HUR","TOT","PC_LF","M","2020-09",4.712824,""
"MEX","Mexico","HUR","TOT","PC_LF","M","2019-07",3.479586,""
"MEX","Mexico","HUR","TOT","PC_LF","M","2020-11",4.512869,""
"MEX","Mexico","HUR","TOT","PC_LF","M","2020-12",4.249312,""
"MEX","Mexico","HUR","TOT","PC_LF","M","2019-06",3.521993,""
"MEX","Mexico","HUR","TOT","PC_LF","M","2019-04",3.574489,""
"MEX","Mexico","HUR","TOT","PC_LF","M","2019-05",3.648632,""
"MEX","Mexico","HUR","TOT","PC_LF","M","2019-10",3.56775,""
"MEX","Mexico","HUR","TOT","PC_LF","M","2019-08",3.504076,""
"MEX","Mexico","HUR","TOT","PC_LF","M","2019-09",3.514517,""
"NLD","Netherlands","HUR","TOT","PC_LF","M","2019-03",3.3,""
"NLD","Netherlands","HUR","TOT","PC_LF","M","2019-02",3.4,""
"NLD","Netherlands","HUR","TOT","PC_LF","M","2019-01",3.6,""
"NLD","Netherlands","HUR","TOT","PC_LF","M","2019-04",3.3,""
"NLD","Netherlands","HUR","TOT","PC_LF","M","2020-01",3,""
"NLD","Netherlands","HUR","TOT","PC_LF","M","2020-02",2.9,""
"NLD","Netherlands","HUR","TOT","PC_LF","M","2020-03",2.9,""
"NLD","Netherlands","HUR","TOT","PC_LF","M","2019-11",3.5,""
"NLD","Netherlands","HUR","TOT","PC_LF","M","2019-12",3.2,""
"NLD","Netherlands","HUR","TOT","PC_LF","M","2020-05",3.6,""
"NLD","Netherlands","HUR","TOT","PC_LF","M","2020-06",4.3,""
"NLD","Netherlands","HUR","TOT","PC_LF","M","2020-07",4.5,""
"NLD","Netherlands","HUR","TOT","PC_LF","M","2020-04",3.4,""
"NLD","Netherlands","HUR","TOT","PC_LF","M","2020-09",4.4,""
"NLD","Netherlands","HUR","TOT","PC_LF","M","2020-10",4.3,""
"NLD","Netherlands","HUR","TOT","PC_LF","M","2020-11",4,""
"NLD","Netherlands","HUR","TOT","PC_LF","M","2020-08",4.6,""
"NLD","Netherlands","HUR","TOT","PC_LF","M","2019-06",3.4,""
"NLD","Netherlands","HUR","TOT","PC_LF","M","2019-07",3.4,""
"NLD","Netherlands","HUR","TOT","PC_LF","M","2019-08",3.5,""
"NLD","Netherlands","HUR","TOT","PC_LF","M","2020-12",3.9,""
"NLD","Netherlands","HUR","TOT","PC_LF","M","2019-10",3.5,""
"NLD","Netherlands","HUR","TOT","PC_LF","M","2019-05",3.3,""
"NLD","Netherlands","HUR","TOT","PC_LF","M","2019-09",3.5,""
"NOR","Norway","HUR","TOT","PC_LF","M","2019-05",3.4,""
"NOR","Norway","HUR","TOT","PC_LF","M","2019-06",3.6,""
"NOR","Norway","HUR","TOT","PC_LF","M","2019-04",3.3,""
"NOR","Norway","HUR","TOT","PC_LF","M","2020-05",4.6,""
"NOR","Norway","HUR","TOT","PC_LF","M","2020-06",5.2,""
"NOR","Norway","HUR","TOT","PC_LF","M","2020-04",4.1,""
"NOR","Norway","HUR","TOT","PC_LF","M","2019-08",3.7,""
"NOR","Norway","HUR","TOT","PC_LF","M","2019-09",3.9,""
"NOR","Norway","HUR","TOT","PC_LF","M","2020-07",5.2,""
"NOR","Norway","HUR","TOT","PC_LF","M","2019-07",3.8,""
"NOR","Norway","HUR","TOT","PC_LF","M","2019-01",3.8,""
"NOR","Norway","HUR","TOT","PC_LF","M","2019-02",3.8,""
"NOR","Norway","HUR","TOT","PC_LF","M","2019-03",3.6,""
"NOR","Norway","HUR","TOT","PC_LF","M","2019-10",3.8,""
"NOR","Norway","HUR","TOT","PC_LF","M","2019-11",4,""
"NOR","Norway","HUR","TOT","PC_LF","M","2020-08",5.3,""
"NOR","Norway","HUR","TOT","PC_LF","M","2020-09",5.1,""
"NOR","Norway","HUR","TOT","PC_LF","M","2020-02",3.5,""
"NOR","Norway","HUR","TOT","PC_LF","M","2020-03",3.6,""
"NOR","Norway","HUR","TOT","PC_LF","M","2019-12",3.9,""
"NOR","Norway","HUR","TOT","PC_LF","M","2020-01",3.7,""
"NOR","Norway","HUR","TOT","PC_LF","M","2020-10",5.2,""
"NOR","Norway","HUR","TOT","PC_LF","M","2020-11",5,""
"OECD","","HUR","TOT","PC_LF","M","2019-08",5.365299,"E"
"OECD","","HUR","TOT","PC_LF","M","2019-09",5.317718,"E"
"OECD","","HUR","TOT","PC_LF","M","2019-10",5.322457,"E"
"OECD","","HUR","TOT","PC_LF","M","2019-11",5.305936,"E"
"OECD","","HUR","TOT","PC_LF","M","2020-08",7.533386,"E"
"OECD","","HUR","TOT","PC_LF","M","2020-09",7.302409,"E"
"OECD","","HUR","TOT","PC_LF","M","2020-10",7.046282,"E"
"OECD","","HUR","TOT","PC_LF","M","2020-07",8.116845,"E"
"OECD","","HUR","TOT","PC_LF","M","2020-12",6.880426,"E"
"OECD","","HUR","TOT","PC_LF","M","2019-12",5.234531,"E"
"OECD","","HUR","TOT","PC_LF","M","2020-01",5.276376,"E"
"OECD","","HUR","TOT","PC_LF","M","2020-11",6.8752,"E"
"OECD","","HUR","TOT","PC_LF","M","2020-03",5.591302,"E"
"OECD","","HUR","TOT","PC_LF","M","2020-04",8.78448,"E"
"OECD","","HUR","TOT","PC_LF","M","2020-05",8.66965,"E"
"OECD","","HUR","TOT","PC_LF","M","2020-06",8.289016,"E"
"OECD","","HUR","TOT","PC_LF","M","2019-05",5.415618,"E"
"OECD","","HUR","TOT","PC_LF","M","2019-06",5.343679,"E"
"OECD","","HUR","TOT","PC_LF","M","2019-07",5.39029,"E"
"OECD","","HUR","TOT","PC_LF","M","2019-03",5.501113,"E"
"OECD","","HUR","TOT","PC_LF","M","2020-02",5.218831,"E"
"OECD","","HUR","TOT","PC_LF","M","2019-01",5.562273,"E"
"OECD","","HUR","TOT","PC_LF","M","2019-02",5.470846,"E"
"OECD","","HUR","TOT","PC_LF","M","2019-04",5.439364,"E"
"POL","Poland","HUR","TOT","PC_LF","M","2020-11",3.3,""
"POL","Poland","HUR","TOT","PC_LF","M","2020-12",3.3,""
"POL","Poland","HUR","TOT","PC_LF","M","2019-08",3.1,""
"POL","Poland","HUR","TOT","PC_LF","M","2019-09",3.1,""
"POL","Poland","HUR","TOT","PC_LF","M","2019-06",3.3,""
"POL","Poland","HUR","TOT","PC_LF","M","2019-07",3.2,""
"POL","Poland","HUR","TOT","PC_LF","M","2019-12",2.9,""
"POL","Poland","HUR","TOT","PC_LF","M","2020-01",3,""
"POL","Poland","HUR","TOT","PC_LF","M","2019-10",3,""
"POL","Poland","HUR","TOT","PC_LF","M","2019-11",2.9,""
"POL","Poland","HUR","TOT","PC_LF","M","2020-04",3.1,""
"POL","Poland","HUR","TOT","PC_LF","M","2020-05",3.3,""
"POL","Poland","HUR","TOT","PC_LF","M","2020-06",3.4,""
"POL","Poland","HUR","TOT","PC_LF","M","2020-07",3.4,""
"POL","Poland","HUR","TOT","PC_LF","M","2020-08",3.3,""
"POL","Poland","HUR","TOT","PC_LF","M","2020-09",3.3,""
"POL","Poland","HUR","TOT","PC_LF","M","2020-10",3.4,""
"POL","Poland","HUR","TOT","PC_LF","M","2020-02",3,""
"POL","Poland","HUR","TOT","PC_LF","M","2020-03",3,""
"POL","Poland","HUR","TOT","PC_LF","M","2019-01",3.8,""
"POL","Poland","HUR","TOT","PC_LF","M","2019-02",3.8,""
"POL","Poland","HUR","TOT","PC_LF","M","2019-03",3.6,""
"POL","Poland","HUR","TOT","PC_LF","M","2019-04",3.4,""
"POL","Poland","HUR","TOT","PC_LF","M","2019-05",3.3,""
"PRT","Portugal","HUR","TOT","PC_LF","M","2019-03",6.5,""
"PRT","Portugal","HUR","TOT","PC_LF","M","2020-01",6.8,""
"PRT","Portugal","HUR","TOT","PC_LF","M","2019-01",6.5,""
"PRT","Portugal","HUR","TOT","PC_LF","M","2019-02",6.5,""
"PRT","Portugal","HUR","TOT","PC_LF","M","2019-11",6.7,""
"PRT","Portugal","HUR","TOT","PC_LF","M","2019-12",6.7,""
"PRT","Portugal","HUR","TOT","PC_LF","M","2019-04",6.6,""
"PRT","Portugal","HUR","TOT","PC_LF","M","2019-05",6.6,""
"PRT","Portugal","HUR","TOT","PC_LF","M","2020-02",6.4,""
"PRT","Portugal","HUR","TOT","PC_LF","M","2020-03",6.2,""
"PRT","Portugal","HUR","TOT","PC_LF","M","2019-08",6.4,""
"PRT","Portugal","HUR","TOT","PC_LF","M","2019-09",6.5,""
"PRT","Portugal","HUR","TOT","PC_LF","M","2019-06",6.6,""
"PRT","Portugal","HUR","TOT","PC_LF","M","2019-07",6.5,""
"PRT","Portugal","HUR","TOT","PC_LF","M","2020-12",6.5,""
"PRT","Portugal","HUR","TOT","PC_LF","M","2020-07",7.9,""
"PRT","Portugal","HUR","TOT","PC_LF","M","2019-10",6.5,""
"PRT","Portugal","HUR","TOT","PC_LF","M","2020-11",7.1,""
"PRT","Portugal","HUR","TOT","PC_LF","M","2020-06",7.3,""
"PRT","Portugal","HUR","TOT","PC_LF","M","2020-04",6.3,""
"PRT","Portugal","HUR","TOT","PC_LF","M","2020-05",5.9,""
"PRT","Portugal","HUR","TOT","PC_LF","M","2020-10",7.5,""
"PRT","Portugal","HUR","TOT","PC_LF","M","2020-08",8.1,""
"PRT","Portugal","HUR","TOT","PC_LF","M","2020-09",7.9,""
"SVK","Slovakia","HUR","TOT","PC_LF","M","2020-04",6.6,""
"SVK","Slovakia","HUR","TOT","PC_LF","M","2019-01",5.9,""
"SVK","Slovakia","HUR","TOT","PC_LF","M","2020-03",6,""
"SVK","Slovakia","HUR","TOT","PC_LF","M","2020-07",7.1,""
"SVK","Slovakia","HUR","TOT","PC_LF","M","2019-02",5.9,""
"SVK","Slovakia","HUR","TOT","PC_LF","M","2020-05",6.7,""
"SVK","Slovakia","HUR","TOT","PC_LF","M","2020-06",6.8,""
"SVK","Slovakia","HUR","TOT","PC_LF","M","2020-01",6,""
"SVK","Slovakia","HUR","TOT","PC_LF","M","2020-02",6,""
"SVK","Slovakia","HUR","TOT","PC_LF","M","2020-08",7.2,""
"SVK","Slovakia","HUR","TOT","PC_LF","M","2019-03",5.8,""
"SVK","Slovakia","HUR","TOT","PC_LF","M","2019-04",5.8,""
"SVK","Slovakia","HUR","TOT","PC_LF","M","2019-05",5.7,""
"SVK","Slovakia","HUR","TOT","PC_LF","M","2020-12",7,""
"SVK","Slovakia","HUR","TOT","PC_LF","M","2020-09",7,""
"SVK","Slovakia","HUR","TOT","PC_LF","M","2020-10",7.1,""
"SVK","Slovakia","HUR","TOT","PC_LF","M","2020-11",7.1,""
"SVK","Slovakia","HUR","TOT","PC_LF","M","2019-09",5.7,""
"SVK","Slovakia","HUR","TOT","PC_LF","M","2019-11",5.6,""
"SVK","Slovakia","HUR","TOT","PC_LF","M","2019-12",5.6,""
"SVK","Slovakia","HUR","TOT","PC_LF","M","2019-08",5.8,""
"SVK","Slovakia","HUR","TOT","PC_LF","M","2019-06",5.8,""
"SVK","Slovakia","HUR","TOT","PC_LF","M","2019-07",5.8,""
"SVK","Slovakia","HUR","TOT","PC_LF","M","2019-10",5.7,""
"SVN","Slovenia","HUR","TOT","PC_LF","M","2019-09",4.7,""
"SVN","Slovenia","HUR","TOT","PC_LF","M","2019-06",4.5,""
"SVN","Slovenia","HUR","TOT","PC_LF","M","2019-07",4.8,""
"SVN","Slovenia","HUR","TOT","PC_LF","M","2019-08",4.9,""
"SVN","Slovenia","HUR","TOT","PC_LF","M","2020-05",5.5,""
"SVN","Slovenia","HUR","TOT","PC_LF","M","2020-06",5.4,""
"SVN","Slovenia","HUR","TOT","PC_LF","M","2020-07",5.2,""
"SVN","Slovenia","HUR","TOT","PC_LF","M","2020-08",5.2,""
"SVN","Slovenia","HUR","TOT","PC_LF","M","2020-09",5,""
"SVN","Slovenia","HUR","TOT","PC_LF","M","2020-10",4.9,""
"SVN","Slovenia","HUR","TOT","PC_LF","M","2019-10",4.4,""
"SVN","Slovenia","HUR","TOT","PC_LF","M","2020-03",4.4,""
"SVN","Slovenia","HUR","TOT","PC_LF","M","2020-04",5.3,""
"SVN","Slovenia","HUR","TOT","PC_LF","M","2019-03",4.4,""
"SVN","Slovenia","HUR","TOT","PC_LF","M","2019-04",4.3,""
"SVN","Slovenia","HUR","TOT","PC_LF","M","2019-05",4.3,""
"SVN","Slovenia","HUR","TOT","PC_LF","M","2019-11",4.1,""
"SVN","Slovenia","HUR","TOT","PC_LF","M","2019-12",3.8,""
"SVN","Slovenia","HUR","TOT","PC_LF","M","2020-01",4.1,""
"SVN","Slovenia","HUR","TOT","PC_LF","M","2020-02",4.2,""
"SVN","Slovenia","HUR","TOT","PC_LF","M","2019-01",4.5,""
"SVN","Slovenia","HUR","TOT","PC_LF","M","2019-02",4.5,""
"SVN","Slovenia","HUR","TOT","PC_LF","M","2020-12",4.7,""
"SVN","Slovenia","HUR","TOT","PC_LF","M","2020-11",4.9,""
"SWE","Sweden","HUR","TOT","PC_LF","M","2019-06",6.5,""
"SWE","Sweden","HUR","TOT","PC_LF","M","2019-07",7,""
"SWE","Sweden","HUR","TOT","PC_LF","M","2019-08",7.1,""
"SWE","Sweden","HUR","TOT","PC_LF","M","2020-06",9.2,""
"SWE","Sweden","HUR","TOT","PC_LF","M","2020-07",9.1,""
"SWE","Sweden","HUR","TOT","PC_LF","M","2020-08",9.1,""
"SWE","Sweden","HUR","TOT","PC_LF","M","2020-09",8.9,""
"SWE","Sweden","HUR","TOT","PC_LF","M","2019-09",6.7,""
"SWE","Sweden","HUR","TOT","PC_LF","M","2019-10",6.7,""
"SWE","Sweden","HUR","TOT","PC_LF","M","2019-11",7.5,""
"SWE","Sweden","HUR","TOT","PC_LF","M","2020-04",7.9,""
"SWE","Sweden","HUR","TOT","PC_LF","M","2020-05",8.4,""
"SWE","Sweden","HUR","TOT","PC_LF","M","2019-03",7.3,""
"SWE","Sweden","HUR","TOT","PC_LF","M","2019-04",6.4,""
"SWE","Sweden","HUR","TOT","PC_LF","M","2019-05",6.6,""
"SWE","Sweden","HUR","TOT","PC_LF","M","2019-12",6.6,""
"SWE","Sweden","HUR","TOT","PC_LF","M","2020-01",7.2,""
"SWE","Sweden","HUR","TOT","PC_LF","M","2020-10",8.6,""
"SWE","Sweden","HUR","TOT","PC_LF","M","2020-11",8.3,""
"SWE","Sweden","HUR","TOT","PC_LF","M","2019-01",6.2,""
"SWE","Sweden","HUR","TOT","PC_LF","M","2019-02",6.8,""
"SWE","Sweden","HUR","TOT","PC_LF","M","2020-02",7.6,""
"SWE","Sweden","HUR","TOT","PC_LF","M","2020-03",6.7,""
"SWE","Sweden","HUR","TOT","PC_LF","M","2020-12",8.7,""
"TUR","Turkey","HUR","TOT","PC_LF","M","2019-10",13.6,""
"TUR","Turkey","HUR","TOT","PC_LF","M","2019-11",13.2,""
"TUR","Turkey","HUR","TOT","PC_LF","M","2019-08",14.1,""
"TUR","Turkey","HUR","TOT","PC_LF","M","2019-09",13.9,""
"TUR","Turkey","HUR","TOT","PC_LF","M","2020-02",12.6,""
"TUR","Turkey","HUR","TOT","PC_LF","M","2019-07",14.2,""
"TUR","Turkey","HUR","TOT","PC_LF","M","2019-12",13.1,""
"TUR","Turkey","HUR","TOT","PC_LF","M","2020-01",12.6,""
"TUR","Turkey","HUR","TOT","PC_LF","M","2020-06",14.3,""
"TUR","Turkey","HUR","TOT","PC_LF","M","2020-07",13.8,""
"TUR","Turkey","HUR","TOT","PC_LF","M","2020-04",13.6,""
"TUR","Turkey","HUR","TOT","PC_LF","M","2020-05",14,""
"TUR","Turkey","HUR","TOT","PC_LF","M","2020-10",12.9,""
"TUR","Turkey","HUR","TOT","PC_LF","M","2019-03",13.8,""
"TUR","Turkey","HUR","TOT","PC_LF","M","2020-08",13.3,""
"TUR","Turkey","HUR","TOT","PC_LF","M","2020-09",12.7,""
"TUR","Turkey","HUR","TOT","PC_LF","M","2019-02",13.6,""
"TUR","Turkey","HUR","TOT","PC_LF","M","2020-03",12.9,""
"TUR","Turkey","HUR","TOT","PC_LF","M","2019-01",13.4,""
"TUR","Turkey","HUR","TOT","PC_LF","M","2019-06",13.9,""
"TUR","Turkey","HUR","TOT","PC_LF","M","2019-04",13.8,""
"TUR","Turkey","HUR","TOT","PC_LF","M","2019-05",13.9,""
"USA","United States of America","HUR","TOT","PC_LF","M","2020-08",8.4,""
"USA","United States of America","HUR","TOT","PC_LF","M","2020-09",7.8,""
"USA","United States of America","HUR","TOT","PC_LF","M","2019-04",3.7,""
"USA","United States of America","HUR","TOT","PC_LF","M","2019-05",3.7,""
"USA","United States of America","HUR","TOT","PC_LF","M","2019-06",3.6,""
"USA","United States of America","HUR","TOT","PC_LF","M","2019-07",3.6,""
"USA","United States of America","HUR","TOT","PC_LF","M","2020-10",6.9,""
"USA","United States of America","HUR","TOT","PC_LF","M","2020-11",6.7,""
"USA","United States of America","HUR","TOT","PC_LF","M","2020-12",6.7,""
"USA","United States of America","HUR","TOT","PC_LF","M","2020-03",4.4,""
"USA","United States of America","HUR","TOT","PC_LF","M","2020-04",14.8,""
"USA","United States of America","HUR","TOT","PC_LF","M","2020-05",13.3,""
"USA","United States of America","HUR","TOT","PC_LF","M","2020-06",11.1,""
"USA","United States of America","HUR","TOT","PC_LF","M","2020-07",10.2,""
"USA","United States of America","HUR","TOT","PC_LF","M","2021-01",6.3,""
"USA","United States of America","HUR","TOT","PC_LF","M","2019-08",3.7,""
"USA","United States of America","HUR","TOT","PC_LF","M","2019-09",3.5,""
"USA","United States of America","HUR","TOT","PC_LF","M","2019-10",3.6,""
"USA","United States of America","HUR","TOT","PC_LF","M","2019-01",4,""
"USA","United States of America","HUR","TOT","PC_LF","M","2019-12",3.6,""
"USA","United States of America","HUR","TOT","PC_LF","M","2020-01",3.5,""
"USA","United States of America","HUR","TOT","PC_LF","M","2020-02",3.5,""
"USA","United States of America","HUR","TOT","PC_LF","M","2019-02",3.8,""
"USA","United States of America","HUR","TOT","PC_LF","M","2019-03",3.8,""
"USA","United States of America","HUR","TOT","PC_LF","M","2019-11",3.6,""
